Антистатики, кондиционеры для тканей;http://almin.ru/catalog/list.php?SECTION_ID=18004&SHOWALL_1=1
Диспенсеры для мыла жидкого и пенного;http://almin.ru/catalog/list.php?SECTION_ID=19456&SHOWALL_1=1
Диспенсеры для освежителей воздуха;http://almin.ru/catalog/list.php?SECTION_ID=19457&SHOWALL_1=1
Дозаторы для профессиональной химии;http://almin.ru/catalog/list.php?SECTION_ID=19028&SHOWALL_1=1
Мыло жидкое, пенное;http://almin.ru/catalog/list.php?SECTION_ID=17995&SHOWALL_1=1
Мыло хозяйственное;http://almin.ru/catalog/list.php?SECTION_ID=17997&SHOWALL_1=1
Освежители аэрозольные;http://almin.ru/catalog/list.php?SECTION_ID=17998&SHOWALL_1=1
Освежители гелевые;http://almin.ru/catalog/list.php?SECTION_ID=19248&SHOWALL_1=1
Освежители для унитазов и писсуаров;http://almin.ru/catalog/list.php?SECTION_ID=17999&SHOWALL_1=1
Освежители для холодильников, п/м машин, шкафов;http://almin.ru/catalog/list.php?SECTION_ID=20666&SHOWALL_1=1
Освежители микроспреи;http://almin.ru/catalog/list.php?SECTION_ID=19249&SHOWALL_1=1
Отбеливатели, пятновыводители, крахмалы;http://almin.ru/catalog/list.php?SECTION_ID=18006&SHOWALL_1=1
Полироли, средства для мебели и оргтехники;http://almin.ru/catalog/list.php?SECTION_ID=18007&SHOWALL_1=1
Реагенты антигололедные;http://almin.ru/catalog/list.php?SECTION_ID=19436&SHOWALL_1=1
Средства дезинфицирующие;http://almin.ru/catalog/list.php?SECTION_ID=19042&SHOWALL_1=1
Средства для  CIP-мойки;http://almin.ru/catalog/list.php?SECTION_ID=18011&SHOWALL_1=1
Средства для обуви;http://almin.ru/catalog/list.php?SECTION_ID=18008&SHOWALL_1=1
Средства для полов и напольных покрытий;http://almin.ru/catalog/list.php?SECTION_ID=18010&SHOWALL_1=1
Средства для поломоечных машин;http://almin.ru/catalog/list.php?SECTION_ID=20501&SHOWALL_1=1
Средства для посудомоечных машин и пароконвектоматов;http://almin.ru/catalog/list.php?SECTION_ID=18009&SHOWALL_1=1
Средства для посуды;http://almin.ru/catalog/list.php?SECTION_ID=19064&SHOWALL_1=1
Средства для сантехники;http://almin.ru/catalog/list.php?SECTION_ID=18012&SHOWALL_1=1
Средства для стекол и зеркал;http://almin.ru/catalog/list.php?SECTION_ID=18013&SHOWALL_1=1
Средства для стирки жидкие;http://almin.ru/catalog/list.php?SECTION_ID=17996&SHOWALL_1=1
Средства для стирки порошки для автоматической стирки;http://almin.ru/catalog/list.php?SECTION_ID=18001&SHOWALL_1=1
Средства для стирки порошки для ручной стирки;http://almin.ru/catalog/list.php?SECTION_ID=18002&SHOWALL_1=1
Средства для стирки порошки универсальные;http://almin.ru/catalog/list.php?SECTION_ID=18003&SHOWALL_1=1
Средства для текстиля, ковров и ковровых покрытий;http://almin.ru/catalog/list.php?SECTION_ID=19032&SHOWALL_1=1
Средства для удаления жира и нагара (жироудалители);http://almin.ru/catalog/list.php?SECTION_ID=18005&SHOWALL_1=1
Средства для удаления накипи;http://almin.ru/catalog/list.php?SECTION_ID=19033&SHOWALL_1=1
Средства для устранения и профилактики засоров;http://almin.ru/catalog/list.php?SECTION_ID=19062&SHOWALL_1=1
Средства для чистки поверхностей из нержавеющей стали и других металлов;http://almin.ru/catalog/list.php?SECTION_ID=19237&SHOWALL_1=1
Средства моющие универсальные;http://almin.ru/catalog/list.php?SECTION_ID=18014&SHOWALL_1=1
Средства от насекомых и грызунов;http://almin.ru/catalog/list.php?SECTION_ID=18015&SHOWALL_1=1
Средства чистящие универсальные;http://almin.ru/catalog/list.php?SECTION_ID=18000&SHOWALL_1=1
Бумага туалетная в профессиональных рулонах;http://almin.ru/catalog/list.php?SECTION_ID=18102&SHOWALL_1=1
Бумага туалетная в стандартных рулонах;http://almin.ru/catalog/list.php?SECTION_ID=19026&SHOWALL_1=1
Бумага туалетная листовая;http://almin.ru/catalog/list.php?SECTION_ID=19124&SHOWALL_1=1
Держатели для протирочных материалов;http://almin.ru/catalog/list.php?SECTION_ID=19129&SHOWALL_1=1
Диспенсеры для бумаги туалетной в проф рулонах;http://almin.ru/catalog/list.php?SECTION_ID=18106&SHOWALL_1=1
Диспенсеры для бумаги туалетной в стандартных рулонах;http://almin.ru/catalog/list.php?SECTION_ID=19130&SHOWALL_1=1
Диспенсеры для бумаги туалетной листовой;http://almin.ru/catalog/list.php?SECTION_ID=19131&SHOWALL_1=1
Диспенсеры для бумажных полотенец листовых;http://almin.ru/catalog/list.php?SECTION_ID=18104&SHOWALL_1=1
Диспенсеры для бумажных полотенец рулонных;http://almin.ru/catalog/list.php?SECTION_ID=18105&SHOWALL_1=1
Диспенсеры для покрытий на унитаз;http://almin.ru/catalog/list.php?SECTION_ID=19133&SHOWALL_1=1
Диспенсеры для салфеток;http://almin.ru/catalog/list.php?SECTION_ID=19134&SHOWALL_1=1
Диспенсеры разные;http://almin.ru/catalog/list.php?SECTION_ID=18107&SHOWALL_1=1
Женская гигиена;http://almin.ru/catalog/list.php?SECTION_ID=19132&SHOWALL_1=1
Наборы гигиенических средств;http://almin.ru/catalog/list.php?SECTION_ID=18103&SHOWALL_1=1
Подгузники, пеленки детские;http://almin.ru/catalog/list.php?SECTION_ID=20628&SHOWALL_1=1
Полотенца бумажные в профессиональных рулонах;http://almin.ru/catalog/list.php?SECTION_ID=18108&SHOWALL_1=1
Полотенца бумажные в стандартных рулонах;http://almin.ru/catalog/list.php?SECTION_ID=19066&SHOWALL_1=1
Полотенца бумажные листовые;http://almin.ru/catalog/list.php?SECTION_ID=18109&SHOWALL_1=1
Протирочные материалы бумажные;http://almin.ru/catalog/list.php?SECTION_ID=19187&SHOWALL_1=1
Протирочные материалы нетканые;http://almin.ru/catalog/list.php?SECTION_ID=19188&SHOWALL_1=1
Салфетки влажные;http://almin.ru/catalog/list.php?SECTION_ID=19165&SHOWALL_1=1
Салфетки для диспенсера;http://almin.ru/catalog/list.php?SECTION_ID=18110&SHOWALL_1=1
Салфетки косметические, платочки носовые;http://almin.ru/catalog/list.php?SECTION_ID=18111&SHOWALL_1=1
Средства индивидуальной гигиены;http://almin.ru/catalog/list.php?SECTION_ID=18112&SHOWALL_1=1
Банки термические, ведра герметичные;http://almin.ru/catalog/list.php?SECTION_ID=18859&SHOWALL_1=1
Бокалы, рюмки, фужеры;http://almin.ru/catalog/list.php?SECTION_ID=18063&SHOWALL_1=1
Бутылки;http://almin.ru/catalog/list.php?SECTION_ID=18860&SHOWALL_1=1
Капсулы алюминиевые (тарталетки);http://almin.ru/catalog/list.php?SECTION_ID=19151&SHOWALL_1=1
Капсулы бумажные (тарталетки), формы для пирогов, кексов, куличей;http://almin.ru/catalog/list.php?SECTION_ID=18069&SHOWALL_1=1
Контейнеры (касалетки), формы алюминиевые;http://almin.ru/catalog/list.php?SECTION_ID=19127&SHOWALL_1=1
Контейнеры (ланчбоксы) под запайку;http://almin.ru/catalog/list.php?SECTION_ID=20496&SHOWALL_1=1
Контейнеры квадратные с неразъемной крышкой;http://almin.ru/catalog/list.php?SECTION_ID=19038&SHOWALL_1=1
Контейнеры квадратные со съемной крышкой;http://almin.ru/catalog/list.php?SECTION_ID=20462&SHOWALL_1=1
Контейнеры круглые с неразъемной крышкой;http://almin.ru/catalog/list.php?SECTION_ID=18064&SHOWALL_1=1
Контейнеры круглые со съемной крышкой;http://almin.ru/catalog/list.php?SECTION_ID=20484&SHOWALL_1=1
Контейнеры многогранные;http://almin.ru/catalog/list.php?SECTION_ID=20449&SHOWALL_1=1
Контейнеры овальные с неразъемной крышкой;http://almin.ru/catalog/list.php?SECTION_ID=19039&SHOWALL_1=1
Контейнеры овальные со съемной крышкой;http://almin.ru/catalog/list.php?SECTION_ID=20485&SHOWALL_1=1
Контейнеры прямоугольные;http://almin.ru/catalog/list.php?SECTION_ID=18861&SHOWALL_1=1
Креманки, стаканчики десертные;http://almin.ru/catalog/list.php?SECTION_ID=19448&SHOWALL_1=1
Крышки для стаканов;http://almin.ru/catalog/list.php?SECTION_ID=20668&SHOWALL_1=1
Лотки, держатели, манжеты для переноски стаканов;http://almin.ru/catalog/list.php?SECTION_ID=19103&SHOWALL_1=1
Лотки, подложки;http://almin.ru/catalog/list.php?SECTION_ID=18065&SHOWALL_1=1
Наборы одноразовой посуды;http://almin.ru/catalog/list.php?SECTION_ID=19065&SHOWALL_1=1
Подносы одноразовые;http://almin.ru/catalog/list.php?SECTION_ID=18066&SHOWALL_1=1
Посуда фуршетная;http://almin.ru/catalog/list.php?SECTION_ID=19219&SHOWALL_1=1
Размешиватели для напитков;http://almin.ru/catalog/list.php?SECTION_ID=19438&SHOWALL_1=1
Соусники;http://almin.ru/catalog/list.php?SECTION_ID=19211&SHOWALL_1=1
Стаканчики пластиковые, чашки;http://almin.ru/catalog/list.php?SECTION_ID=19175&SHOWALL_1=1
Стаканы бумажные с Вашим логотипом;http://almin.ru/catalog/list.php?SECTION_ID=20498&SHOWALL_1=1
Стаканы бумажные, из ЭКО-материалов для горячих напитков;http://almin.ru/catalog/list.php?SECTION_ID=19104&SHOWALL_1=1
Стаканы бумажные, из ЭКО-материалов для холодных напитков;http://almin.ru/catalog/list.php?SECTION_ID=20669&SHOWALL_1=1
Столовые приборы;http://almin.ru/catalog/list.php?SECTION_ID=18067&SHOWALL_1=1
Тарелки, миски, салатники;http://almin.ru/catalog/list.php?SECTION_ID=18068&SHOWALL_1=1
Тарелки, миски, салатники из бумаги, картона, ЭКО-материалов;http://almin.ru/catalog/list.php?SECTION_ID=18862&SHOWALL_1=1
Термобоксы (ланчбоксы), контейнеры, миски EPS;http://almin.ru/catalog/list.php?SECTION_ID=18863&SHOWALL_1=1
Упаковка бумажная для горячих, холодных продуктов;http://almin.ru/catalog/list.php?SECTION_ID=20457&SHOWALL_1=1
Упаковка для бутербродов, сэндвичей, гамбургеров;http://almin.ru/catalog/list.php?SECTION_ID=19087&SHOWALL_1=1
Упаковка для картофеля фри, снеков;http://almin.ru/catalog/list.php?SECTION_ID=19454&SHOWALL_1=1
Упаковка для китайской еды;http://almin.ru/catalog/list.php?SECTION_ID=19460&SHOWALL_1=1
Упаковка для пиццы;http://almin.ru/catalog/list.php?SECTION_ID=19174&SHOWALL_1=1
Упаковка для суши;http://almin.ru/catalog/list.php?SECTION_ID=19088&SHOWALL_1=1
Упаковка для фруктов, ягод, овощей;http://almin.ru/catalog/list.php?SECTION_ID=19442&SHOWALL_1=1
Упаковка для яиц;http://almin.ru/catalog/list.php?SECTION_ID=19152&SHOWALL_1=1
Упаковка кондитерская;http://almin.ru/catalog/list.php?SECTION_ID=19089&SHOWALL_1=1
Упаковка универсальная;http://almin.ru/catalog/list.php?SECTION_ID=18864&SHOWALL_1=1
Гофрокороба;http://almin.ru/catalog/list.php?SECTION_ID=19170&SHOWALL_1=1
Лента клейкая, шпагат;http://almin.ru/catalog/list.php?SECTION_ID=18150&SHOWALL_1=1
Ленты упаковочные;http://almin.ru/catalog/list.php?SECTION_ID=19229&SHOWALL_1=1
"Пакеты ""Майка""";http://almin.ru/catalog/list.php?SECTION_ID=18148&SHOWALL_1=1
Пакеты бумажные;http://almin.ru/catalog/list.php?SECTION_ID=18881&SHOWALL_1=1
Пакеты вакуумные;http://almin.ru/catalog/list.php?SECTION_ID=18147&SHOWALL_1=1
Пакеты для льда и замораживания;http://almin.ru/catalog/list.php?SECTION_ID=18882&SHOWALL_1=1
Пакеты разные;http://almin.ru/catalog/list.php?SECTION_ID=18144&SHOWALL_1=1
Пакеты фасовочные;http://almin.ru/catalog/list.php?SECTION_ID=18145&SHOWALL_1=1
Пленка паллетная;http://almin.ru/catalog/list.php?SECTION_ID=19189&SHOWALL_1=1
Пленка пищевая;http://almin.ru/catalog/list.php?SECTION_ID=18146&SHOWALL_1=1
Пленка полипропиленовая;http://almin.ru/catalog/list.php?SECTION_ID=19209&SHOWALL_1=1
Упаковка подарочная;http://almin.ru/catalog/list.php?SECTION_ID=20519&SHOWALL_1=1
Фольга;http://almin.ru/catalog/list.php?SECTION_ID=18151&SHOWALL_1=1
Зонты-тенты;http://almin.ru/catalog/list.php?SECTION_ID=19005&SHOWALL_1=1
Клеи;http://almin.ru/catalog/list.php?SECTION_ID=19154&SHOWALL_1=1
Лампы;http://almin.ru/catalog/list.php?SECTION_ID=20509&SHOWALL_1=1
Мебель пластиковая для детей;http://almin.ru/catalog/list.php?SECTION_ID=19068&SHOWALL_1=1
Мебель пластиковая/Кресла * стулья * табуреты;http://almin.ru/catalog/list.php?SECTION_ID=18153&SHOWALL_1=1
Решетки для гриля, шампуры, мангалы;http://almin.ru/catalog/list.php?SECTION_ID=19230&SHOWALL_1=1
Сумки хозяйственные;http://almin.ru/catalog/list.php?SECTION_ID=20520&SHOWALL_1=1
Товары для детей;http://almin.ru/catalog/list.php?SECTION_ID=19015&SHOWALL_1=1
Товары для животных;http://almin.ru/catalog/list.php?SECTION_ID=18841&SHOWALL_1=1
Товары для пикника;http://almin.ru/catalog/list.php?SECTION_ID=18155&SHOWALL_1=1
Уголь, дрова, средства для розжига, газ;http://almin.ru/catalog/list.php?SECTION_ID=19231&SHOWALL_1=1
Щепа, брикеты для копчения;http://almin.ru/catalog/list.php?SECTION_ID=19232&SHOWALL_1=1
Элементы питания, фонари;http://almin.ru/catalog/list.php?SECTION_ID=18849&SHOWALL_1=1
Ящики, горшки, кашпо для цветов;http://almin.ru/catalog/list.php?SECTION_ID=18156&SHOWALL_1=1
Декоративные украшения для канапе;http://almin.ru/catalog/list.php?SECTION_ID=18071&SHOWALL_1=1
Декоративные украшения для коктейлей;http://almin.ru/catalog/list.php?SECTION_ID=19176&SHOWALL_1=1
Зубочистки;http://almin.ru/catalog/list.php?SECTION_ID=18072&SHOWALL_1=1
Кольца для салфеток;http://almin.ru/catalog/list.php?SECTION_ID=19141&SHOWALL_1=1
Конверты для столовых приборов;http://almin.ru/catalog/list.php?SECTION_ID=19142&SHOWALL_1=1
Палочки для суши;http://almin.ru/catalog/list.php?SECTION_ID=19177&SHOWALL_1=1
Палочки, стеки, шпажки для шашлыка;http://almin.ru/catalog/list.php?SECTION_ID=19186&SHOWALL_1=1
Подложки (диски) картонные, подносы декоративные;http://almin.ru/catalog/list.php?SECTION_ID=19178&SHOWALL_1=1
Подсвечники;http://almin.ru/catalog/list.php?SECTION_ID=20447&SHOWALL_1=1
Салфетки декоративные;http://almin.ru/catalog/list.php?SECTION_ID=18073&SHOWALL_1=1
Салфетки нагрудные;http://almin.ru/catalog/list.php?SECTION_ID=20458&SHOWALL_1=1
Салфетки однотонные 20х20 - 25х25 1-слойные;http://almin.ru/catalog/list.php?SECTION_ID=18865&SHOWALL_1=1
Салфетки однотонные 20х20 - 25х25 2-слойные;http://almin.ru/catalog/list.php?SECTION_ID=19179&SHOWALL_1=1
Салфетки однотонные 20х20 - 25х25 3-слойные;http://almin.ru/catalog/list.php?SECTION_ID=19180&SHOWALL_1=1
Салфетки однотонные 30х30 - 33х33 1-слойные;http://almin.ru/catalog/list.php?SECTION_ID=18866&SHOWALL_1=1
Салфетки однотонные 30х30 - 33х33 2-слойные;http://almin.ru/catalog/list.php?SECTION_ID=19181&SHOWALL_1=1
Салфетки однотонные 30х30 - 33х33 3-слойные;http://almin.ru/catalog/list.php?SECTION_ID=19182&SHOWALL_1=1
Салфетки однотонные 39х39 - 41х41 1-слойные;http://almin.ru/catalog/list.php?SECTION_ID=19434&SHOWALL_1=1
Салфетки однотонные 39х39 - 41х41 2-слойные;http://almin.ru/catalog/list.php?SECTION_ID=18074&SHOWALL_1=1
Салфетки однотонные 39х39 - 41х41 3-слойные;http://almin.ru/catalog/list.php?SECTION_ID=19183&SHOWALL_1=1
Салфетки под чашку (коастер);http://almin.ru/catalog/list.php?SECTION_ID=19213&SHOWALL_1=1
Салфетки сервировочные;http://almin.ru/catalog/list.php?SECTION_ID=18075&SHOWALL_1=1
Салфетки-галстук на бутылку;http://almin.ru/catalog/list.php?SECTION_ID=19214&SHOWALL_1=1
Салфетки-подтарельники;http://almin.ru/catalog/list.php?SECTION_ID=19215&SHOWALL_1=1
Свечи ароматизированные;http://almin.ru/catalog/list.php?SECTION_ID=18076&SHOWALL_1=1
Свечи в стекле;http://almin.ru/catalog/list.php?SECTION_ID=19078&SHOWALL_1=1
Свечи в торт;http://almin.ru/catalog/list.php?SECTION_ID=18077&SHOWALL_1=1
Свечи квадратные;http://almin.ru/catalog/list.php?SECTION_ID=20494&SHOWALL_1=1
Свечи конические;http://almin.ru/catalog/list.php?SECTION_ID=18078&SHOWALL_1=1
Свечи плавающие;http://almin.ru/catalog/list.php?SECTION_ID=18079&SHOWALL_1=1
Свечи СТОЛБИК;http://almin.ru/catalog/list.php?SECTION_ID=18080&SHOWALL_1=1
Скатерти банкетные, юбки фуршетные;http://almin.ru/catalog/list.php?SECTION_ID=18081&SHOWALL_1=1
Соломка (трубочка) без изгиба для коктейлей;http://almin.ru/catalog/list.php?SECTION_ID=19184&SHOWALL_1=1
Соломка (трубочка) для мартини;http://almin.ru/catalog/list.php?SECTION_ID=19185&SHOWALL_1=1
Соломка (трубочка) с изгибом для коктейлей;http://almin.ru/catalog/list.php?SECTION_ID=18082&SHOWALL_1=1
Товары для праздника;http://almin.ru/catalog/list.php?SECTION_ID=20677&SHOWALL_1=1
Головные уборы;http://almin.ru/catalog/list.php?SECTION_ID=18090&SHOWALL_1=1
Обувь, бахилы;http://almin.ru/catalog/list.php?SECTION_ID=18095&SHOWALL_1=1
Перчатки одноразовые;http://almin.ru/catalog/list.php?SECTION_ID=18868&SHOWALL_1=1
Рукавицы, варежки, перчатки специальные;http://almin.ru/catalog/list.php?SECTION_ID=18096&SHOWALL_1=1
Средства индивидуальной защиты - беруши;http://almin.ru/catalog/list.php?SECTION_ID=20480&SHOWALL_1=1
Средства индивидуальной защиты - комбинезоны;http://almin.ru/catalog/list.php?SECTION_ID=20481&SHOWALL_1=1
Средства индивидуальной защиты - очки, маски;http://almin.ru/catalog/list.php?SECTION_ID=18092&SHOWALL_1=1
Фартуки;http://almin.ru/catalog/list.php?SECTION_ID=18099&SHOWALL_1=1
Халаты;http://almin.ru/catalog/list.php?SECTION_ID=18100&SHOWALL_1=1
Вантузы, ерши;http://almin.ru/catalog/list.php?SECTION_ID=18046&SHOWALL_1=1
Ведра, тазы, ковши;http://almin.ru/catalog/list.php?SECTION_ID=18047&SHOWALL_1=1
Ведра, тележки уборочные;http://almin.ru/catalog/list.php?SECTION_ID=18048&SHOWALL_1=1
Веники, метлы;http://almin.ru/catalog/list.php?SECTION_ID=18914&SHOWALL_1=1
Губки, мочалки;http://almin.ru/catalog/list.php?SECTION_ID=18049&SHOWALL_1=1
Контейнеры, баки, урны, корзины для мусора;http://almin.ru/catalog/list.php?SECTION_ID=18051&SHOWALL_1=1
Корзины, ящики для хранения;http://almin.ru/catalog/list.php?SECTION_ID=18052&SHOWALL_1=1
Круги абразивные;http://almin.ru/catalog/list.php?SECTION_ID=18058&SHOWALL_1=1
Мешки и пакеты для медицинских отходов;http://almin.ru/catalog/list.php?SECTION_ID=19146&SHOWALL_1=1
Мешки и пакеты мусорные 101 - 200 л;http://almin.ru/catalog/list.php?SECTION_ID=18855&SHOWALL_1=1
Мешки и пакеты мусорные 201 - 300 л;http://almin.ru/catalog/list.php?SECTION_ID=18856&SHOWALL_1=1
Мешки и пакеты мусорные до 100 л;http://almin.ru/catalog/list.php?SECTION_ID=18053&SHOWALL_1=1
Мешки и пакеты мусорные с завязками;http://almin.ru/catalog/list.php?SECTION_ID=19123&SHOWALL_1=1
Насадки - МОПы (MOP) для швабр;http://almin.ru/catalog/list.php?SECTION_ID=18854&SHOWALL_1=1
Перчатки резиновые;http://almin.ru/catalog/list.php?SECTION_ID=18054&SHOWALL_1=1
Разное;http://almin.ru/catalog/list.php?SECTION_ID=18056&SHOWALL_1=1
Рукоятки для швабр, черенки;http://almin.ru/catalog/list.php?SECTION_ID=18857&SHOWALL_1=1
Салфетки абразивные;http://almin.ru/catalog/list.php?SECTION_ID=19110&SHOWALL_1=1
Салфетки влажные для уборки;http://almin.ru/catalog/list.php?SECTION_ID=22838&SHOWALL_1=1
Салфетки губчатые;http://almin.ru/catalog/list.php?SECTION_ID=19111&SHOWALL_1=1
Салфетки латексные;http://almin.ru/catalog/list.php?SECTION_ID=19112&SHOWALL_1=1
Салфетки микроволоконные;http://almin.ru/catalog/list.php?SECTION_ID=19113&SHOWALL_1=1
Салфетки универсальные;http://almin.ru/catalog/list.php?SECTION_ID=19114&SHOWALL_1=1
Сгоны, скребки;http://almin.ru/catalog/list.php?SECTION_ID=18858&SHOWALL_1=1
Совки, щетки;http://almin.ru/catalog/list.php?SECTION_ID=18057&SHOWALL_1=1
Ткани протирочные;http://almin.ru/catalog/list.php?SECTION_ID=18055&SHOWALL_1=1
Тряпки для полов;http://almin.ru/catalog/list.php?SECTION_ID=19115&SHOWALL_1=1
Хоз.инвентарь специального назначения;http://almin.ru/catalog/list.php?SECTION_ID=18059&SHOWALL_1=1
Швабры, держатели МОПов;http://almin.ru/catalog/list.php?SECTION_ID=18060&SHOWALL_1=1
Щетки, ерши кухонные;http://almin.ru/catalog/list.php?SECTION_ID=18061&SHOWALL_1=1
Этажерки;http://almin.ru/catalog/list.php?SECTION_ID=22866&SHOWALL_1=1
Бланки бухгалтерские, конверты;http://almin.ru/catalog/list.php?SECTION_ID=18129&SHOWALL_1=1
Бумага, блокноты, тетради;http://almin.ru/catalog/list.php?SECTION_ID=18130&SHOWALL_1=1
Канцелярские принадлежности;http://almin.ru/catalog/list.php?SECTION_ID=18132&SHOWALL_1=1
Карандаши;http://almin.ru/catalog/list.php?SECTION_ID=19241&SHOWALL_1=1
Клеи, клейкие ленты;http://almin.ru/catalog/list.php?SECTION_ID=19084&SHOWALL_1=1
Лента кассовая;http://almin.ru/catalog/list.php?SECTION_ID=18133&SHOWALL_1=1
Маркеры;http://almin.ru/catalog/list.php?SECTION_ID=19242&SHOWALL_1=1
Маркировочное оборудование;http://almin.ru/catalog/list.php?SECTION_ID=18879&SHOWALL_1=1
Папки для бумаг;http://almin.ru/catalog/list.php?SECTION_ID=18135&SHOWALL_1=1
Папки специальные;http://almin.ru/catalog/list.php?SECTION_ID=18136&SHOWALL_1=1
Разное;http://almin.ru/catalog/list.php?SECTION_ID=18137&SHOWALL_1=1
Ручки гелевые;http://almin.ru/catalog/list.php?SECTION_ID=20513&SHOWALL_1=1
Ручки шариковые;http://almin.ru/catalog/list.php?SECTION_ID=18139&SHOWALL_1=1
Степлеры и скобы к ним;http://almin.ru/catalog/list.php?SECTION_ID=19243&SHOWALL_1=1
Штемпельная продукция;http://almin.ru/catalog/list.php?SECTION_ID=18141&SHOWALL_1=1
Этикетки, ценники;http://almin.ru/catalog/list.php?SECTION_ID=18142&SHOWALL_1=1
Бокалы для вина и напитков;http://almin.ru/catalog/list.php?SECTION_ID=18019&SHOWALL_1=1
Бокалы для коктейля;http://almin.ru/catalog/list.php?SECTION_ID=18020&SHOWALL_1=1
Бокалы для коньяка, виски, бренди;http://almin.ru/catalog/list.php?SECTION_ID=18021&SHOWALL_1=1
Креманки, вазы для десертов;http://almin.ru/catalog/list.php?SECTION_ID=18023&SHOWALL_1=1
Кружки чайные;http://almin.ru/catalog/list.php?SECTION_ID=18024&SHOWALL_1=1
Кувшины, графины, штофы;http://almin.ru/catalog/list.php?SECTION_ID=18025&SHOWALL_1=1
Пепельницы;http://almin.ru/catalog/list.php?SECTION_ID=18027&SHOWALL_1=1
Рюмки;http://almin.ru/catalog/list.php?SECTION_ID=18030&SHOWALL_1=1
Салатники;http://almin.ru/catalog/list.php?SECTION_ID=18031&SHOWALL_1=1
Сахарницы, молочники;http://almin.ru/catalog/list.php?SECTION_ID=18033&SHOWALL_1=1
Соусники, бульонницы, супницы;http://almin.ru/catalog/list.php?SECTION_ID=18034&SHOWALL_1=1
Стаканчики восточные (Армуды) и блюдца к ним;http://almin.ru/catalog/list.php?SECTION_ID=19432&SHOWALL_1=1
Стаканы;http://almin.ru/catalog/list.php?SECTION_ID=18035&SHOWALL_1=1
Стаканы мерные (ГОСТ);http://almin.ru/catalog/list.php?SECTION_ID=18036&SHOWALL_1=1
Стаканы, кружки, бокалы пивные;http://almin.ru/catalog/list.php?SECTION_ID=18037&SHOWALL_1=1
Стопки;http://almin.ru/catalog/list.php?SECTION_ID=18038&SHOWALL_1=1
Тарелки, блюда;http://almin.ru/catalog/list.php?SECTION_ID=18039&SHOWALL_1=1
Тортовницы, этажерки;http://almin.ru/catalog/list.php?SECTION_ID=18040&SHOWALL_1=1
Фужеры для шампанского;http://almin.ru/catalog/list.php?SECTION_ID=18041&SHOWALL_1=1
Чайники, кофейники заварочные;http://almin.ru/catalog/list.php?SECTION_ID=18042&SHOWALL_1=1
Чашки, блюдца, пары кофейные и чайные;http://almin.ru/catalog/list.php?SECTION_ID=18043&SHOWALL_1=1
Аксессуары барные;http://almin.ru/catalog/list.php?SECTION_ID=18114&SHOWALL_1=1
Банки для сыпучих;http://almin.ru/catalog/list.php?SECTION_ID=18869&SHOWALL_1=1
Бумага для выпечки и приготовления пищи;http://almin.ru/catalog/list.php?SECTION_ID=19446&SHOWALL_1=1
Гастроемкости, дозаторы, термоконтейнеры кухонные;http://almin.ru/catalog/list.php?SECTION_ID=18870&SHOWALL_1=1
Доски разделочные;http://almin.ru/catalog/list.php?SECTION_ID=18871&SHOWALL_1=1
Емкости мерные;http://almin.ru/catalog/list.php?SECTION_ID=22867&SHOWALL_1=1
Емкости, контейнеры пищевые квадратные, прямоугольные;http://almin.ru/catalog/list.php?SECTION_ID=18115&SHOWALL_1=1
Емкости, контейнеры пищевые круглые, овальные;http://almin.ru/catalog/list.php?SECTION_ID=19067&SHOWALL_1=1
Инвентарь кухонный;http://almin.ru/catalog/list.php?SECTION_ID=18872&SHOWALL_1=1
Инструменты, приспособления кондитерские;http://almin.ru/catalog/list.php?SECTION_ID=18116&SHOWALL_1=1
Корзинки для хлеба;http://almin.ru/catalog/list.php?SECTION_ID=20511&SHOWALL_1=1
Ложки для мороженого;http://almin.ru/catalog/list.php?SECTION_ID=19052&SHOWALL_1=1
Мешки кондитерские;http://almin.ru/catalog/list.php?SECTION_ID=18118&SHOWALL_1=1
Наборы для специй, салфетницы;http://almin.ru/catalog/list.php?SECTION_ID=19053&SHOWALL_1=1
Насадки для кондитерских мешков;http://almin.ru/catalog/list.php?SECTION_ID=18119&SHOWALL_1=1
Ножи консервные;http://almin.ru/catalog/list.php?SECTION_ID=18873&SHOWALL_1=1
Ножи поварские, ножеточки;http://almin.ru/catalog/list.php?SECTION_ID=18120&SHOWALL_1=1
Ножи специальные, ножницы кухонные;http://almin.ru/catalog/list.php?SECTION_ID=19054&SHOWALL_1=1
Овощечистки;http://almin.ru/catalog/list.php?SECTION_ID=19055&SHOWALL_1=1
Подносы, поддоны, лотки;http://almin.ru/catalog/list.php?SECTION_ID=18121&SHOWALL_1=1
Полотенца, салфетки текстильные, прихватки;http://almin.ru/catalog/list.php?SECTION_ID=18123&SHOWALL_1=1
Посуда кухонная;http://almin.ru/catalog/list.php?SECTION_ID=18122&SHOWALL_1=1
Посуда наплитная;http://almin.ru/catalog/list.php?SECTION_ID=18875&SHOWALL_1=1
Столовые приборы;http://almin.ru/catalog/list.php?SECTION_ID=18124&SHOWALL_1=1
Терки, измельчители, выдавливатели, орехоколки;http://almin.ru/catalog/list.php?SECTION_ID=19056&SHOWALL_1=1
Топливо для мармитов;http://almin.ru/catalog/list.php?SECTION_ID=19008&SHOWALL_1=1
Украшения для кондитерских изделий;http://almin.ru/catalog/list.php?SECTION_ID=18126&SHOWALL_1=1
Формы для выпечки из нержавеющей стали;http://almin.ru/catalog/list.php?SECTION_ID=19222&SHOWALL_1=1
Формы для выпечки силиконовые;http://almin.ru/catalog/list.php?SECTION_ID=18127&SHOWALL_1=1
Формы для охлажденных тортов и мороженого;http://almin.ru/catalog/list.php?SECTION_ID=19220&SHOWALL_1=1
Формы для пирожных Mignon;http://almin.ru/catalog/list.php?SECTION_ID=19221&SHOWALL_1=1
Штопоры;http://almin.ru/catalog/list.php?SECTION_ID=18877&SHOWALL_1=1
Щипцы;http://almin.ru/catalog/list.php?SECTION_ID=19013&SHOWALL_1=1
Этажерки;http://almin.ru/catalog/list.php?SECTION_ID=22864&SHOWALL_1=1
Ящики, баки пищевые;http://almin.ru/catalog/list.php?SECTION_ID=18878&SHOWALL_1=1
Вода питьевая, минеральная;http://almin.ru/catalog/list.php?SECTION_ID=19461&SHOWALL_1=1
Ингредиенты и топпинги;http://almin.ru/catalog/list.php?SECTION_ID=18084&SHOWALL_1=1
Кофе в зернах;http://almin.ru/catalog/list.php?SECTION_ID=20645&SHOWALL_1=1
Кофе в капсулах;http://almin.ru/catalog/list.php?SECTION_ID=20689&SHOWALL_1=1
Кофе молотый;http://almin.ru/catalog/list.php?SECTION_ID=20690&SHOWALL_1=1
Порционная продукция;http://almin.ru/catalog/list.php?SECTION_ID=20685&SHOWALL_1=1
Сиропы для коктейлей;http://almin.ru/catalog/list.php?SECTION_ID=20455&SHOWALL_1=1
Соусы, маринады, уксусы;http://almin.ru/catalog/list.php?SECTION_ID=20581&SHOWALL_1=1
Чай в пакетиках;http://almin.ru/catalog/list.php?SECTION_ID=20615&SHOWALL_1=1
Чай листовой;http://almin.ru/catalog/list.php?SECTION_ID=20692&SHOWALL_1=1
